url,url_mobile,title,seendate,socialimage,domain,language,sourcecountry,asset,query,timestamp_utc,text_for_sentiment,finbert_label,finbert_confidence,sentiment_score
https://fortune.com/article/price-of-ethereum-04-29-2026/,,"Current price of Ethereum for April 29 , 2026",20260429T141500Z,https://fortune.com/img-assets/wp-content/uploads/2026/04/Price-of-Ethereum-April-29.jpg,fortune.com,English,United States,ETH,ethereum,2026-04-29 14:15:00+00:00,"Current price of Ethereum for April 29 , 2026",neutral,0.9514333605766296,0
https://finance.yahoo.com/personal-finance/investing/article/bitcoin-and-ethereum-prices-today-tuesday-april-28-2026-values-falling-ahead-of-fed-meeting-114535390.html,,"Bitcoin and ethereum prices today , Tuesday , April 28 , 2026 : Values falling ahead of Fed meeting",20260428T121500Z,https://s.yimg.com/uu/api/res/1.2/R4fhNy.vnr_QIatr9RUOpQ--~B/aD00MDU7dz02MTI7YXBwaWQ9eXRhY2h5b24-/https://d29szjachogqwa.cloudfront.net/images/user-uploaded/ethereum_%20_bitcoin_2_2928.jpg,finance.yahoo.com,English,United States,ETH,ethereum,2026-04-28 12:15:00+00:00,"Bitcoin and ethereum prices today , Tuesday , April 28 , 2026 : Values falling ahead of Fed meeting",negative,0.9681629538536072,-1
https://finance.yahoo.com/markets/crypto/articles/bitmine-purchase-10-000-eth-180300758.html,,"BitMine To Purchase 10 , 000 ETH From Ethereum Foundation",20260426T010000Z,https://s.yimg.com/os/en/cryptoprowl_304/5827aa6b551e40ddf5c68d4b2b1e3d2a,finance.yahoo.com,English,United States,ETH,ethereum,2026-04-26 01:00:00+00:00,"BitMine To Purchase 10 , 000 ETH From Ethereum Foundation",neutral,0.8658912181854248,0
https://fortune.com/article/price-of-ethereum-04-06-2026/,,"Current price of Ethereum for April 6 , 2026",20260406T134500Z,https://fortune.com/img-assets/wp-content/uploads/2026/04/Price-of-Ethereum-April-6.jpg,fortune.com,English,United States,ETH,ethereum,2026-04-06 13:45:00+00:00,"Current price of Ethereum for April 6 , 2026",neutral,0.9523053169250488,0
https://finance.yahoo.com/personal-finance/investing/article/bitcoin-and-ethereum-price-today-tuesday-april-14-2026-prices-rebound-despite-us-blockade-in-the-middle-east-112122040.html,,"Bitcoin and ethereum price today , Tuesday , April 14 , 2026 : Prices rebound despite U . S . blockade in the Middle East",20260414T121500Z,https://s.yimg.com/uu/api/res/1.2/R4fhNy.vnr_QIatr9RUOpQ--~B/aD00MDU7dz02MTI7YXBwaWQ9eXRhY2h5b24-/https://d29szjachogqwa.cloudfront.net/images/user-uploaded/ethereum_%20_bitcoin_2_2928.jpg,finance.yahoo.com,English,United States,ETH,ethereum,2026-04-14 12:15:00+00:00,"Bitcoin and ethereum price today , Tuesday , April 14 , 2026 : Prices rebound despite U . S . blockade in the Middle East",positive,0.9403808116912842,1
https://cointelegraph.com/news/key-ethereum-developer-josh-stark-leaves-the-ethereum-foundation,,Josh Stark Announces Departure From The Ethereum Foundation,20260416T223000Z,"https://images.cointelegraph.com/cdn-cgi/image/f=auto,onerror=redirect,w=1200/https://s3.cointelegraph.com/uploads/2026-02/019c732d-8ca1-7982-9fe6-0cc5e16b571a.jpg",cointelegraph.com,English,China,ETH,ethereum,2026-04-16 22:30:00+00:00,Josh Stark Announces Departure From The Ethereum Foundation,negative,0.49927499890327454,-1
https://www.benzinga.com/Opinion/26/04/52111078/tom-lees-235m-ethereum-purchase-could-signal-the-end-of-the-crypto-winter,,Tom Lee $235M Ethereum Purchase Could Signal The End Of The Crypto Winter - BitMine Immersion ( NYSE : BMN,20260429T094500Z,,benzinga.com,English,United States,ETH,ethereum,2026-04-29 09:45:00+00:00,Tom Lee $235M Ethereum Purchase Could Signal The End Of The Crypto Winter - BitMine Immersion ( NYSE : BMN,neutral,0.8669084906578064,0
https://finance.yahoo.com/markets/crypto/articles/ethereum-price-250-000-etherealize-114715980.html,,"Ethereum Price To $250 , 000 ? Etherealize Explains Why They Believe Their Bullish Outlook Is  Conservative  ",20260423T203000Z,https://s.yimg.com/ny/api/res/1.2/cZqk_sTNED9NArkUe2L9pg--/YXBwaWQ9aGlnaGxhbmRlcjt3PTEyMDA7aD02NzU-/https://media.zenfs.com/en/ccn_928/ce3a1c487bc3cdd37b2ca8441935fbff,finance.yahoo.com,English,United States,ETH,ethereum,2026-04-23 20:30:00+00:00,"Ethereum Price To $250 , 000 ? Etherealize Explains Why They Believe Their Bullish Outlook Is  Conservative  ",neutral,0.9033920764923096,0
https://www.fool.com/investing/2026/04/27/solana-just-processed-253-billion-transactions-in/?source=iedfolrf0000001,,Solana Just Processed 25 . 3 Billion Transactions in a Quarter -- How Much Upside Is Left ? ,20260427T203000Z,https://g.foolcdn.com/editorial/images/866260/a-block-labeled-crypto-on-a-digital-screen.jpg,fool.com,English,United States,ETH,ethereum,2026-04-27 20:30:00+00:00,Solana Just Processed 25 . 3 Billion Transactions in a Quarter -- How Much Upside Is Left ? ,neutral,0.6808621287345886,0
https://finance.yahoo.com/markets/crypto/articles/forget-ethereum-buy-cryptocurrency-instead-025000681.html,,Should You Forget Ethereum and Buy This Cryptocurrency Instead ? ,20260405T084500Z,https://s.yimg.com/ny/api/res/1.2/m9OqYWEIDD0LTOfcg9Ca8g--/YXBwaWQ9aGlnaGxhbmRlcjt3PTEyMDA7aD04MDE-/https://media.zenfs.com/en/motleyfool.com/ceba654e65ac00c3114f37955bb82063,finance.yahoo.com,English,United States,ETH,ethereum,2026-04-05 08:45:00+00:00,Should You Forget Ethereum and Buy This Cryptocurrency Instead ? ,neutral,0.9296265840530396,0
https://bravenewcoin.com/insights/ethereum-eth-price-prediction-bitcoin-led-cycle-signals-delayed-surge-as-2300-test-eyes-immediate-breakout,,"Ethereum ( ETH ) Price Prediction : Bitcoin - Led Cycle Signals Delayed Surge as $2 , 300 Test Eyes Immediate Breakout",20260424T224500Z,https://bravenewcoin.com/wp-content/uploads/2026/04/Bnc-Apr-25-4153.jpg,bravenewcoin.com,English,United States,ETH,ethereum,2026-04-24 22:45:00+00:00,"Ethereum ( ETH ) Price Prediction : Bitcoin - Led Cycle Signals Delayed Surge as $2 , 300 Test Eyes Immediate Breakout",negative,0.44379886984825134,-1
https://www.newsbtc.com/news/ethereum/realistic-ethereum-targets/,https://www.newsbtc.com/news/ethereum/realistic-ethereum-targets/amp/,Analyst Shares  Realistic  Ethereum Price Targets For The Next 3 Years,20260411T004500Z,https://www.newsbtc.com/wp-content/uploads/2026/04/Ethereum-from-iStock-7.jpg?fit=612%2C408,newsbtc.com,English,United States,ETH,ethereum,2026-04-11 00:45:00+00:00,Analyst Shares  Realistic  Ethereum Price Targets For The Next 3 Years,neutral,0.85707688331604,0
https://www.newsbtc.com/news/ethereum/bitmines-ethereum-holdings-reach-record-5-million-tokens-ceos-bullish-outlook/,https://www.newsbtc.com/news/ethereum/bitmines-ethereum-holdings-reach-record-5-million-tokens-ceos-bullish-outlook/amp/,Bitmine Ethereum Holdings Reach Record 5 Million Tokens – CEO Bullish Outlook,20260428T081500Z,https://www.newsbtc.com/wp-content/uploads/2026/04/image_RqChPnWj_1777303873637_raw.jpg?fit=1024%2C1024,newsbtc.com,English,United States,ETH,ethereum,2026-04-28 08:15:00+00:00,Bitmine Ethereum Holdings Reach Record 5 Million Tokens – CEO Bullish Outlook,positive,0.8592914938926697,1
https://www.fool.com/investing/2026/04/26/could-this-cryptocurrency-help-you-build-a-fortune/?source=iedfolrf0000001,,Could This Cryptocurrency Help You Build a Fortune Over the Next Decade ? ,20260426T121500Z,https://g.foolcdn.com/editorial/images/864920/ethereum-virtual-money.jpg,fool.com,English,United States,ETH,ethereum,2026-04-26 12:15:00+00:00,Could This Cryptocurrency Help You Build a Fortune Over the Next Decade ? ,neutral,0.785895586013794,0
https://www.newsbtc.com/news/ethereum/ethereum-just-turtle-soup/,https://www.newsbtc.com/news/ethereum/ethereum-just-turtle-soup/amp/,"Analyst Says Ethereum Just Confirmed A  Turtle Soup , Here What It Means",20260420T094500Z,https://www.newsbtc.com/wp-content/uploads/2026/04/Ethereum-turtle-soup.jpeg?fit=1536%2C1024,newsbtc.com,English,United States,ETH,ethereum,2026-04-20 09:45:00+00:00,"Analyst Says Ethereum Just Confirmed A  Turtle Soup , Here What It Means",neutral,0.9325087070465088,0
https://bravenewcoin.com/insights/ethereum-eth-price-prediction-supply-shock-meets-resistance-is-eth-preparing-for-a-2500-push,,"Ethereum ( ETH ) Price Prediction : Supply Shock Meets Resistance Is ETH Preparing for a $2 , 500 Push ? ",20260409T231500Z,https://bravenewcoin.com/wp-content/uploads/2026/04/Bnc-Apr-10-3978.jpg,bravenewcoin.com,English,United States,ETH,ethereum,2026-04-09 23:15:00+00:00,"Ethereum ( ETH ) Price Prediction : Supply Shock Meets Resistance Is ETH Preparing for a $2 , 500 Push ? ",neutral,0.7232489585876465,0
https://www.newsbtc.com/altcoin/the-ethereum-golden-triangle-that-has-predicted-every-move-shows-where-price-is-headed/,https://www.newsbtc.com/altcoin/the-ethereum-golden-triangle-that-has-predicted-every-move-shows-where-price-is-headed/amp/,The Ethereum Golden Triangle That Has Predicted Every Move Shows Where Price Is Headed,20260426T080000Z,,newsbtc.com,English,United States,ETH,ethereum,2026-04-26 08:00:00+00:00,The Ethereum Golden Triangle That Has Predicted Every Move Shows Where Price Is Headed,neutral,0.9098034501075745,0
https://www.newsbtc.com/news/ethereum/ethereum-ascending-channel-sell/,https://www.newsbtc.com/news/ethereum/ethereum-ascending-channel-sell/amp/,"Ethereum Ascending Channel Puts Price At $5 , 700 , Analyst Reveals When To Sell",20260407T130000Z,https://www.newsbtc.com/wp-content/uploads/2026/02/ChatGPT-Image-Feb-25-2026-11_06_40-AM.png?fit=1111%2C740,newsbtc.com,English,United States,ETH,ethereum,2026-04-07 13:00:00+00:00,"Ethereum Ascending Channel Puts Price At $5 , 700 , Analyst Reveals When To Sell",neutral,0.9439199566841125,0
https://finance.yahoo.com/personal-finance/investing/article/bitcoin-and-ethereum-price-today-monday-april-27-2026-prices-hold-ahead-of-potential-peace-talks-and-fed-meeting-114927492.html,,"Bitcoin and ethereum price today , Monday , April 27 , 2026 : Prices hold ahead of potential peace talks and Fed meeting",20260427T121500Z,https://s.yimg.com/uu/api/res/1.2/8IgKHs0.oTwPcn40eBVnmg--~B/aD00MDg7dz02MTI7YXBwaWQ9eXRhY2h5b24-/https://d29szjachogqwa.cloudfront.net/images/user-uploaded/bitcoin_1_3688.jpg,finance.yahoo.com,English,United States,ETH,ethereum,2026-04-27 12:15:00+00:00,"Bitcoin and ethereum price today , Monday , April 27 , 2026 : Prices hold ahead of potential peace talks and Fed meeting",negative,0.8130139708518982,-1
https://www.manilatimes.net/2026/04/23/tmt-newswire/globenewswire/crypto-news-ethereum-based-crypto-pepeto-presale-stage-update-whilst-ethereum-price-prediction-hits-250000/2326466,https://www.manilatimes.net/2026/04/23/tmt-newswire/globenewswire/crypto-news-ethereum-based-crypto-pepeto-presale-stage-update-whilst-ethereum-price-prediction-hits-250000/2326466/amp,"Crypto News : Ethereum Based Crypto Pepeto Presale Stage Update Whilst Ethereum Price Prediction Hits $250 , 000",20260422T201500Z,https://www.manilatimes.net/manilatimes/uploads/images/2026/04/23/1025058.jpg,manilatimes.net,English,Philippines,ETH,ethereum,2026-04-22 20:15:00+00:00,"Crypto News : Ethereum Based Crypto Pepeto Presale Stage Update Whilst Ethereum Price Prediction Hits $250 , 000",neutral,0.8199781179428101,0
https://www.newsbtc.com/news/ethereum-net-taker-volume-turns-positive/,https://www.newsbtc.com/news/ethereum-net-taker-volume-turns-positive/amp/,Ethereum Net Taker Volume Rises To Most Positive Level Since 2023 – Bullish Reversal Soon ? ,20260405T173000Z,https://www.newsbtc.com/wp-content/uploads/2025/07/iStock-1333288705.jpg?fit=1243%2C843,newsbtc.com,English,United States,ETH,ethereum,2026-04-05 17:30:00+00:00,Ethereum Net Taker Volume Rises To Most Positive Level Since 2023 – Bullish Reversal Soon ? ,positive,0.9326723217964172,1
https://www.newsbtc.com/ethereum-news/ethereum-first-supertrend-bullish-flip-year/,https://www.newsbtc.com/ethereum-news/ethereum-first-supertrend-bullish-flip-year/amp/,Ethereum Sees First SuperTrend Bullish Flip In Over A Year,20260422T050000Z,https://www.newsbtc.com/wp-content/uploads/2026/04/eth_2e46f3.png?fit=1672%2C941,newsbtc.com,English,United States,ETH,ethereum,2026-04-22 05:00:00+00:00,Ethereum Sees First SuperTrend Bullish Flip In Over A Year,positive,0.6187034845352173,1
https://www.newsbtc.com/ethereum-news/ethereum-steals-the-spotlight-as-capital-moves-away-from-bitcoin/,https://www.newsbtc.com/ethereum-news/ethereum-steals-the-spotlight-as-capital-moves-away-from-bitcoin/amp/,Ethereum Steals The Spotlight As Capital Moves Away From Bitcoin,20260411T141500Z,,newsbtc.com,English,United States,ETH,ethereum,2026-04-11 14:15:00+00:00,Ethereum Steals The Spotlight As Capital Moves Away From Bitcoin,positive,0.5057438015937805,1
https://finance.yahoo.com/personal-finance/investing/article/bitcoin-and-ethereum-price-today-thursday-april-23-2026-strong-opening-for-bitcoin-but-traders-still-cautious-114021085.html,,"Bitcoin and ethereum price today , Thursday , April 23 , 2026 : Strong opening for bitcoin , but traders still cautious",20260423T121500Z,https://s.yimg.com/uu/api/res/1.2/nI.hSGR3_nPaHq8YIx06HA--~B/aD00NTk7dz02MTI7YXBwaWQ9eXRhY2h5b24-/https://d29szjachogqwa.cloudfront.net/images/user-uploaded/ethereum_%20_bitcoin_0304.jpg,finance.yahoo.com,English,United States,ETH,ethereum,2026-04-23 12:15:00+00:00,"Bitcoin and ethereum price today , Thursday , April 23 , 2026 : Strong opening for bitcoin , but traders still cautious",positive,0.9373262524604797,1
https://finance.yahoo.com/personal-finance/investing/article/bitcoin-and-ethereum-price-today-thursday-april-16-2026-prices-hold-amid-profit-taking-and-cautious-outlook-111641743.html,,"Bitcoin and ethereum price today , Thursday , April 16 , 2026 : Prices hold amid profit - taking and cautious outlook",20260417T184500Z,https://s.yimg.com/uu/api/res/1.2/nI.hSGR3_nPaHq8YIx06HA--~B/aD00NTk7dz02MTI7YXBwaWQ9eXRhY2h5b24-/https://d29szjachogqwa.cloudfront.net/images/user-uploaded/ethereum_%20_bitcoin_0304.jpg,finance.yahoo.com,English,United States,ETH,ethereum,2026-04-17 18:45:00+00:00,"Bitcoin and ethereum price today , Thursday , April 16 , 2026 : Prices hold amid profit - taking and cautious outlook",negative,0.9376010894775391,-1
https://finance.yahoo.com/personal-finance/investing/article/bitcoin-and-ethereum-price-today-wednesday-april-8-2026-prices-rise-after-us-iran-ceasefire-announcement-113837833.html,,"Bitcoin and ethereum price today , Wednesday , April 8 , 2026 : Prices rise after U . S .- Iran ceasefire announcement",20260408T120000Z,,finance.yahoo.com,English,United States,ETH,ethereum,2026-04-08 12:00:00+00:00,"Bitcoin and ethereum price today , Wednesday , April 8 , 2026 : Prices rise after U . S .- Iran ceasefire announcement",positive,0.8914509415626526,1
https://finance.yahoo.com/markets/crypto/articles/ethereum-price-prediction-eth-reach-215131478.html,,"Ethereum Price Prediction : Can ETH Reach $3 , 000 Before the Glamsterdam Upgrade ? ",20260423T221500Z,https://s.yimg.com/ny/api/res/1.2/x8_8n0f2BP4gxZGlh_OXZA--/YXBwaWQ9aGlnaGxhbmRlcjt3PTEyMDA7aD00NDE-/https://media.zenfs.com/en/24_7_wall_st__718/2ad1347203ed4ab4d30ce7a77c767f58,finance.yahoo.com,English,United States,ETH,ethereum,2026-04-23 22:15:00+00:00,"Ethereum Price Prediction : Can ETH Reach $3 , 000 Before the Glamsterdam Upgrade ? ",neutral,0.8474629521369934,0
https://finance.yahoo.com/personal-finance/investing/article/bitcoin-and-ethereum-price-today-thursday-april-9-2026-crypto-rally-slows-as-ceasefire-wavers-112457545.html,,"Bitcoin and ethereum price today , Thursday , April 9 , 2026 : Crypto rally slows as ceasefire wavers",20260409T171500Z,https://s.yimg.com/uu/api/res/1.2/nI.hSGR3_nPaHq8YIx06HA--~B/aD00NTk7dz02MTI7YXBwaWQ9eXRhY2h5b24-/https://d29szjachogqwa.cloudfront.net/images/user-uploaded/ethereum_%20_bitcoin_0304.jpg,finance.yahoo.com,English,United States,ETH,ethereum,2026-04-09 17:15:00+00:00,"Bitcoin and ethereum price today , Thursday , April 9 , 2026 : Crypto rally slows as ceasefire wavers",negative,0.9342085719108582,-1
https://finance.yahoo.com/markets/crypto/articles/could-cryptocurrency-help-build-fortune-101500647.html,,Could This Cryptocurrency Help You Build a Fortune Over the Next Decade ? ,20260426T104500Z,https://s.yimg.com/ny/api/res/1.2/HiQYw6I.jitOTkMQDq4fxw--/YXBwaWQ9aGlnaGxhbmRlcjt3PTEyMDA7aD04MDA-/https://media.zenfs.com/en/motleyfool.com/baf3e7c0d6799be4031e017a353402af,finance.yahoo.com,English,United States,ETH,ethereum,2026-04-26 10:45:00+00:00,Could This Cryptocurrency Help You Build a Fortune Over the Next Decade ? ,neutral,0.785895586013794,0
https://www.newsbtc.com/news/ethereum/hidden-fvg-zone-ethereum-10000/,https://www.newsbtc.com/news/ethereum/hidden-fvg-zone-ethereum-10000/amp/,"The Hidden FVG Zone That Says Ethereum Price Could Rally To $10 , 000",20260417T204500Z,https://www.newsbtc.com/wp-content/uploads/2026/04/ChatGPT-Image-Apr-17-2026-12_16_11-PM.jpeg?fit=1536%2C1024,newsbtc.com,English,United States,ETH,ethereum,2026-04-17 20:45:00+00:00,"The Hidden FVG Zone That Says Ethereum Price Could Rally To $10 , 000",positive,0.7557140588760376,1
https://www.forbes.com/sites/digital-assets/2026/04/06/drop-to-1500-ethereum-suddenly-faces-60-odds-of-losing-crown/,,"Ethereum Price Prediction : Crash Could Push ETH To $1 , 500",20260407T040000Z,https://imageio.forbes.com/specials-images/imageserve/69d4708f154ba4004c3955e4/0x0.jpg?format=jpg&fit=bounds,forbes.com,English,United States,ETH,ethereum,2026-04-07 04:00:00+00:00,"Ethereum Price Prediction : Crash Could Push ETH To $1 , 500",negative,0.7859938144683838,-1
https://www.fool.com/investing/2026/04/18/should-you-buy-crypto-before-the-next-crypto-bull/?source=iedfolrf0000001,,Should You Buy Ethereum Before the Next Crypto Bull Run ? ,20260418T210000Z,https://g.foolcdn.com/editorial/images/864913/investor-considers-screen-while-writing-on-pad.jpg,fool.com,English,United States,ETH,ethereum,2026-04-18 21:00:00+00:00,Should You Buy Ethereum Before the Next Crypto Bull Run ? ,neutral,0.942240297794342,0
https://www.fool.com/investing/2026/04/08/5-new-risks-to-ethereum-just-surfaced/?source=iedfolrf0000001,,5 New Risks to Ethereum Just Surfaced . Is The Coin Still a Buy ? ,20260408T090000Z,https://g.foolcdn.com/editorial/images/863582/frustrated-investor-sits-at-desk-at-night.jpg,fool.com,English,United States,ETH,ethereum,2026-04-08 09:00:00+00:00,5 New Risks to Ethereum Just Surfaced . Is The Coin Still a Buy ? ,neutral,0.8961089253425598,0
https://finance.yahoo.com/markets/crypto/articles/crypto-crash-buy-solana-68-221100462.html,,Crypto Crash : Should You Buy Solana After Its 68 % Plunge ? ,20260411T053000Z,https://s.yimg.com/ny/api/res/1.2/NVQ.ef6BgxhErmOecIjzaA--/YXBwaWQ9aGlnaGxhbmRlcjt3PTEyMDA7aD04MDA-/https://media.zenfs.com/en/motleyfool.com/97650608432b1a3ea42c68e416fde64d,finance.yahoo.com,English,United States,ETH,ethereum,2026-04-11 05:30:00+00:00,Crypto Crash : Should You Buy Solana After Its 68 % Plunge ? ,neutral,0.8895221948623657,0
https://www.newsbtc.com/news/ethereum/ethereum-major-reversal/,https://www.newsbtc.com/news/ethereum/ethereum-major-reversal/amp/,"Ethereum Signals Major Reversal - $2 , 900 Target Back In Focus",20260419T010000Z,https://www.newsbtc.com/wp-content/uploads/2026/04/Ethereum-from-Pxfuel-3.jpg?fit=850%2C478,newsbtc.com,English,United States,ETH,ethereum,2026-04-19 01:00:00+00:00,"Ethereum Signals Major Reversal - $2 , 900 Target Back In Focus",positive,0.6821910738945007,1
https://www.fool.com/investing/2026/04/18/with-hugetransaction-volume-is-solana-a-buy/?source=iedfolrf0000001,,Solana Has Processed More Transactions Than Ethereum -- Is It a Buy ? ,20260419T030000Z,,fool.com,English,United States,ETH,ethereum,2026-04-19 03:00:00+00:00,Solana Has Processed More Transactions Than Ethereum -- Is It a Buy ? ,neutral,0.911877453327179,0
https://www.fool.com/investing/2026/04/19/this-cryptocurrency-has-quietly-outperformed-bitco/?source=iedfolrf0000001,,This Cryptocurrency Has Quietly Outperformed Bitcoin Over the Last Year,20260420T001500Z,https://g.foolcdn.com/editorial/images/864910/investor-ponders-a-screen.jpg,fool.com,English,United States,ETH,ethereum,2026-04-20 00:15:00+00:00,This Cryptocurrency Has Quietly Outperformed Bitcoin Over the Last Year,positive,0.8337126970291138,1
https://www.newsbtc.com/ethereum-news/capital-is-rotating-from-bitcoin-to-ethereum-on-chain-data-shows-it-is-not-over/,https://www.newsbtc.com/ethereum-news/capital-is-rotating-from-bitcoin-to-ethereum-on-chain-data-shows-it-is-not-over/amp/,Capital Is Rotating From Bitcoin To Ethereum – On - Chain Data Shows It Is Not Over,20260411T050000Z,https://www.newsbtc.com/wp-content/uploads/2026/04/Untitled-design-59.jpg?fit=1792%2C1024,newsbtc.com,English,United States,ETH,ethereum,2026-04-11 05:00:00+00:00,Capital Is Rotating From Bitcoin To Ethereum – On - Chain Data Shows It Is Not Over,negative,0.4938422441482544,-1
https://www.newsbtc.com/news/ethereum/ethereum-macd-golden-cross-price-surged-74-3-times/,https://www.newsbtc.com/news/ethereum/ethereum-macd-golden-cross-price-surged-74-3-times/amp/,Ethereum MACD Flashes Golden Cross Price Surged 74 % + Last 3 Times,20260416T080000Z,https://www.newsbtc.com/wp-content/uploads/2026/04/eth_24b021.png?fit=1382%2C921,newsbtc.com,English,United States,ETH,ethereum,2026-04-16 08:00:00+00:00,Ethereum MACD Flashes Golden Cross Price Surged 74 % + Last 3 Times,positive,0.9327192306518555,1
https://finance.yahoo.com/markets/crypto/articles/asked-chatgpt-explain-ethereum-m-141704920.html,,I Asked ChatGPT To Explain Ethereum to Me Like Im 12,20260404T144500Z,https://s.yimg.com/ny/api/res/1.2/4NHVkR30ndExG7hkJFtNdw--/YXBwaWQ9aGlnaGxhbmRlcjt3PTEyMDA7aD02NzU-/https://media.zenfs.com/en/gobankingrates_644/43cb02abb5916637e20f89a89816b9ba,finance.yahoo.com,English,United States,ETH,ethereum,2026-04-04 14:45:00+00:00,I Asked ChatGPT To Explain Ethereum to Me Like Im 12,neutral,0.9295859932899475,0
https://finance.yahoo.com/markets/crypto/articles/td-cuts-bitcoin-giant-strategys-220921727.html,,"TD Cuts Bitcoin Giant Strategy Price Target , Calls Ethereum Treasury Sharplink a  Buy  ",20260411T053000Z,https://s.yimg.com/ny/api/res/1.2/CzbYjRepMvMKxZl76g32Lg--/YXBwaWQ9aGlnaGxhbmRlcjt3PTEyMDA7aD02NzU-/https://media.zenfs.com/en/decrypt_157/7e5fd3c1a8294e9cec25b7494a6d2c73,finance.yahoo.com,English,United States,ETH,ethereum,2026-04-11 05:30:00+00:00,"TD Cuts Bitcoin Giant Strategy Price Target , Calls Ethereum Treasury Sharplink a  Buy  ",neutral,0.6284324526786804,0
https://finance.yahoo.com/personal-finance/investing/article/bitcoin-and-ethereum-prices-today-friday-april-10-2026-prices-rise-ahead-of-cpi-report-111733660.html,,"Bitcoin and ethereum prices today , Friday , April 10 , 2026 : Prices rise ahead of CPI report",20260410T181500Z,https://s.yimg.com/uu/api/res/1.2/g2FYNRdQidSyHITH_Hia0Q--~B/aD0zNzc7dz02MTI7YXBwaWQ9eXRhY2h5b24-/https://d29szjachogqwa.cloudfront.net/images/user-uploaded/bitcoin_2_9860.jpg,finance.yahoo.com,English,United States,ETH,ethereum,2026-04-10 18:15:00+00:00,"Bitcoin and ethereum prices today , Friday , April 10 , 2026 : Prices rise ahead of CPI report",positive,0.9175933599472046,1
https://www.newsbtc.com/news/ethereum/ethereum-flips-major-resistance-bulls-eye-return-to-2900/,https://www.newsbtc.com/news/ethereum/ethereum-flips-major-resistance-bulls-eye-return-to-2900/amp/,"Ethereum Flips Major Resistance - Bulls Eye Return To $2 , 900",20260418T110000Z,https://www.newsbtc.com/wp-content/uploads/2026/04/51374775737_75db16e1d7_b.jpg,newsbtc.com,English,United States,ETH,ethereum,2026-04-18 11:00:00+00:00,"Ethereum Flips Major Resistance - Bulls Eye Return To $2 , 900",positive,0.6890752911567688,1
https://www.insidermonkey.com/blog/bitmine-bmnr-now-owns-4-of-all-ethereum-and-is-closing-in-on-5-1742374/,https://www.insidermonkey.com/blog/bitmine-bmnr-now-owns-4-of-all-ethereum-and-is-closing-in-on-5-1742374/?amp=1,BitMine ( BMNR ) Now Owns 4 % of All Ethereum and Is Closing In on 5 % ,20260421T121500Z,https://d2gr5kl7dt2z3t.cloudfront.net/blog/wp-content/uploads/2025/11/04114956/Bitcoin-and-ethereum-coins-pexels-jonathanborba-14911424.jpg,insidermonkey.com,English,United States,ETH,ethereum,2026-04-21 12:15:00+00:00,BitMine ( BMNR ) Now Owns 4 % of All Ethereum and Is Closing In on 5 % ,neutral,0.9331009387969971,0
https://www.insidermonkey.com/blog/bit-digital-inc-btbt-top-ai-stock-to-buy-under-25-1742907/,https://www.insidermonkey.com/blog/bit-digital-inc-btbt-top-ai-stock-to-buy-under-25-1742907/?amp=1,"Bit Digital , Inc ( BTBT ): Top AI Stock to Buy Under $25",20260421T181500Z,https://d2gr5kl7dt2z3t.cloudfront.net/blog/wp-content/uploads/2017/03/12140703/shutterstock_421484053.jpg,insidermonkey.com,English,United States,ETH,ethereum,2026-04-21 18:15:00+00:00,"Bit Digital , Inc ( BTBT ): Top AI Stock to Buy Under $25",neutral,0.5897143483161926,0
https://www.openpr.com/news/4462783/bnb-price-prediction-gains-strength-as-fermi-hard-fork-cuts-block,,BNB Price Prediction Gains Strength as Fermi Hard Fork Cuts Block,20260409T153000Z,https://cdn.open-pr.com/L/4/L409288646_g.jpg,openpr.com,English,United States,ETH,ethereum,2026-04-09 15:30:00+00:00,BNB Price Prediction Gains Strength as Fermi Hard Fork Cuts Block,positive,0.8358726501464844,1
https://finance.yahoo.com/markets/crypto/articles/buy-ethereum-next-crypto-bull-192000618.html,,Should You Buy Ethereum Before the Next Crypto Bull Run ? ,20260418T200000Z,https://s.yimg.com/ny/api/res/1.2/ttwv20.C5riYMiMjdVGHiA--/YXBwaWQ9aGlnaGxhbmRlcjt3PTEyMDA7aD04MDA-/https://media.zenfs.com/en/motleyfool.com/effe99a86edf3f277fcc2b63c3e6d4ba,finance.yahoo.com,English,United States,ETH,ethereum,2026-04-18 20:00:00+00:00,Should You Buy Ethereum Before the Next Crypto Bull Run ? ,neutral,0.942240297794342,0
https://finance.yahoo.com/news/bitmine-reports-3-8-billion-125000138.html,,Bitmine Reports $3 . 8 Billion Loss As Ethereum Sinks,20260415T134500Z,https://s.yimg.com/os/en/cryptoprowl_304/2296699a02637e6379fcedcc52b9bcb3,finance.yahoo.com,English,United States,ETH,ethereum,2026-04-15 13:45:00+00:00,Bitmine Reports $3 . 8 Billion Loss As Ethereum Sinks,negative,0.9602453112602234,-1
https://finance.yahoo.com/markets/crypto/articles/xrp-price-xrp-flips-bnb-220806496.html,,XRP Price : XRP Flips BNB to Become the Fourth - Largest Crypto Can It Catch Ethereum Next ? ,20260419T060000Z,https://s.yimg.com/ny/api/res/1.2/HERYkox0dWOjx6vphmQ_Mw--/YXBwaWQ9aGlnaGxhbmRlcjt3PTEyMDA7aD04MDA-/https://media.zenfs.com/en/24_7_wall_st__718/bcfc284dc86c08ff08e2f1726754422c,finance.yahoo.com,English,United States,ETH,ethereum,2026-04-19 06:00:00+00:00,XRP Price : XRP Flips BNB to Become the Fourth - Largest Crypto Can It Catch Ethereum Next ? ,neutral,0.825889527797699,0
https://www.newsbtc.com/news/ethereum/ethereum-retail-hands-disbelief-selling-strength/,https://www.newsbtc.com/news/ethereum/ethereum-retail-hands-disbelief-selling-strength/amp/,"Ethereum Retail Hands Still In Disbelief , Keep Selling Into Strength",20260416T120000Z,https://www.newsbtc.com/wp-content/uploads/2026/04/eth_c2a795.png?fit=1382%2C921,newsbtc.com,English,United States,ETH,ethereum,2026-04-16 12:00:00+00:00,"Ethereum Retail Hands Still In Disbelief , Keep Selling Into Strength",neutral,0.8622217774391174,0
https://cointelegraph.com/news/ether-machine-spac-ethm-cancelled-dynamix-merger,,Ether Machine Abandons Public Debut as Dynamix Merger is Terminated,20260412T101500Z,"https://images.cointelegraph.com/cdn-cgi/image/f=auto,onerror=redirect,w=1200/https://s3.cointelegraph.com/uploads/2026-04/019d80af-b7ad-7459-9b09-261027716c72.jpg",cointelegraph.com,English,China,ETH,ether,2026-04-12 10:15:00+00:00,Ether Machine Abandons Public Debut as Dynamix Merger is Terminated,negative,0.729495108127594,-1
https://cointelegraph.com/news/dats-liquid-staking-outperform-eth-staking-etfs-lido,,DATs Need Liquid Staking to Outperform ETH Staking ETFs : Lido Exec,20260407T154500Z,"https://images.cointelegraph.com/cdn-cgi/image/f=auto,onerror=redirect,w=1200/https://s3.cointelegraph.com/uploads/2025-12/019b7008-9757-7e0c-be0c-a669aaab8e65.jpg",cointelegraph.com,English,China,ETH,ether,2026-04-07 15:45:00+00:00,DATs Need Liquid Staking to Outperform ETH Staking ETFs : Lido Exec,neutral,0.7245014905929565,0
https://www.coindesk.com/business/2026/04/11/usd1-6-billion-ether-machine-spac-deal-collapses-over-unfavorable-market,,$1 . 6 billion Ether Machine SPAC deal collapses over unfavorable market,20260411T193000Z,https://cdn.sanity.io/images/s3y3vcno/production/915bbce115c5a32c0f84df9ecfe38a6e8bdc8b77-1920x1080.jpg?auto=format&crop=focalpoint&fit=clip&q=75&fm=jpg,coindesk.com,English,United States,ETH,ether,2026-04-11 19:30:00+00:00,$1 . 6 billion Ether Machine SPAC deal collapses over unfavorable market,negative,0.9545563459396362,-1
https://www.openpr.com/news/4459331/8-best-meme-coins-to-buy-today-apemars-presale-skyrockets-with,,8 Best Meme Coins to Buy Today : APEMARS Presale Skyrockets with,20260408T071500Z,https://cdn.open-pr.com/L/4/L408769001_g.jpg,openpr.com,English,United States,ETH,ether,2026-04-08 07:15:00+00:00,8 Best Meme Coins to Buy Today : APEMARS Presale Skyrockets with,positive,0.7107717394828796,1
https://www.openpr.com/news/4466243/grok-predicts-12-best-crypto-coins-to-buy-in-2026-as-apemars,,Grok Predicts 12 Best Crypto Coins To Buy In 2026 as APEMARS,20260411T230000Z,https://cdn.open-pr.com/L/4/L411818909_g.jpg,openpr.com,English,United States,ETH,ether,2026-04-11 23:00:00+00:00,Grok Predicts 12 Best Crypto Coins To Buy In 2026 as APEMARS,neutral,0.8421343564987183,0
https://www.openpr.com/news/4466242/best-crypto-coins-apemars-leads-as-the-next-100x-crypto-with,,Best Crypto Coins : APEMARS Leads as the Next 100x Crypto with,20260411T230000Z,https://cdn.open-pr.com/L/4/L411582005_g.jpg,openpr.com,English,United States,ETH,ether,2026-04-11 23:00:00+00:00,Best Crypto Coins : APEMARS Leads as the Next 100x Crypto with,positive,0.5669893026351929,1
https://www.openpr.com/news/4454769/best-crypto-to-buy-now-solana-price-prediction-signals-surges,,"Best Crypto to Buy Now : Solana Price Prediction Signals Surges , ",20260404T120000Z,https://cdn.open-pr.com/L/4/L404168663_g.jpg,openpr.com,English,United States,ETH,ether,2026-04-04 12:00:00+00:00,"Best Crypto to Buy Now : Solana Price Prediction Signals Surges , ",positive,0.7990045547485352,1
https://cointelegraph.com/markets/ether-at-risk-of-new-2026-lows-if-bulls-fail-to-turn-dollar2-4k-into-support,,Ether Risks $1 . 7K Retest As Traders Fail To Overcome Key Resistance Zone,20260402T220000Z,"https://images.cointelegraph.com/cdn-cgi/image/f=auto,onerror=redirect,w=1200/https://s3.cointelegraph.com/uploads/2026-04/019d4eed-450a-7dd0-ba05-9102ae98b717.jpg",cointelegraph.com,English,China,ETH,ether,2026-04-02 22:00:00+00:00,Ether Risks $1 . 7K Retest As Traders Fail To Overcome Key Resistance Zone,negative,0.9585515856742859,-1
https://finance.yahoo.com/markets/crypto/articles/global-x-launches-ethereum-covered-130500681.html,,Global X Launches Ethereum Covered Call ETF Targeting Weekly Income,20260404T143000Z,https://s.yimg.com/os/en/cryptonews_us_711/bdc63407ae633a325ebb9f8892fab8bd,finance.yahoo.com,English,United States,ETH,ether,2026-04-04 14:30:00+00:00,Global X Launches Ethereum Covered Call ETF Targeting Weekly Income,neutral,0.9351795315742493,0
https://finance.yahoo.com/markets/crypto/articles/ether-fi-ethgas-deal-backs-012400391.html,,ether . fi ETHGas Deal Backs a Bigger Push to Make Ethereum Execution More Predictable,20260415T020000Z,https://s.yimg.com/os/en/cryptoprowl_304/7a6625ce7bbaec2164fd2dfea7502bce,finance.yahoo.com,English,United States,ETH,ether,2026-04-15 02:00:00+00:00,ether . fi ETHGas Deal Backs a Bigger Push to Make Ethereum Execution More Predictable,positive,0.7693052291870117,1
https://cointelegraph.com/news/bitmine-eth-holdings-unrealized-losses-staking-rewards,,BitMine Expands ETH Holdings Despite $6 . 5B in Unrealized Losses,20260427T221500Z,https://payload.cointelegraph.com/api/article-covers/file/HI%20The%207%20largest%20Ethereum%20treasury%20companies%20right%20now%20%E2%80%94%20ranked%20by%20holdings%20BitMine.jpg?prefix=media%2Farticle-covers,cointelegraph.com,English,China,ETH,ether,2026-04-27 22:15:00+00:00,BitMine Expands ETH Holdings Despite $6 . 5B in Unrealized Losses,positive,0.9155756831169128,1
https://www.fool.com/investing/2026/04/21/forget-xrp-ripple-this-cryptocurrency-has-a-real-m/?source=iedfolrf0000001,,Forget ( XRP ) Ripple : This Cryptocurrency Has A Real Moat,20260421T164500Z,https://g.foolcdn.com/editorial/images/866240/ethereum-virtual-money-getty-71317.jpg,fool.com,English,United States,ETH,ether,2026-04-21 16:45:00+00:00,Forget ( XRP ) Ripple : This Cryptocurrency Has A Real Moat,neutral,0.8994373679161072,0
https://www.fool.com/investing/2026/04/21/forget-xrp-ripple-this-cryptocurrency-has-a-real-m/,,Forget ( XRP ) Ripple : This Cryptocurrency Has A Real Moat,20260422T034500Z,https://g.foolcdn.com/editorial/images/866240/ethereum-virtual-money-getty-71317.jpg,fool.com,English,United States,ETH,ether,2026-04-22 03:45:00+00:00,Forget ( XRP ) Ripple : This Cryptocurrency Has A Real Moat,neutral,0.8994373679161072,0
https://www.fool.com/coverage/etfs/2026/04/24/ibit-and-etha-charge-the-same-the-similarities-end-there/?source=iedfolrf0000001,,IBIT and ETHA Charge the Same . The Similarities End There . ,20260425T091500Z,https://cdn.content.foolcdn.com/images/1umn9qeh/production/4db1f9dc6b521047b90577456a50b49560e87c49-1401x1251.png?&q=75&fit=max&auto=format,fool.com,English,United States,ETH,ether,2026-04-25 09:15:00+00:00,IBIT and ETHA Charge the Same . The Similarities End There . ,neutral,0.9074035286903381,0
https://cointelegraph.com/markets/these-3-ethereum-metrics-favor-eth-price-rally-to-6k,,Ethereum Metrics Signal ETH Price Rally Toward $6K Next,20260423T191500Z,https://payload.cointelegraph.com/api/article-covers/file/Super-Ethereum-Bitcoin%20ETH%206K.jpg?prefix=media%2Farticle-covers,cointelegraph.com,English,China,ETH,ether,2026-04-23 19:15:00+00:00,Ethereum Metrics Signal ETH Price Rally Toward $6K Next,positive,0.9291639924049377,1
https://www.coindesk.com/markets/2026/04/06/bitmine-s-ether-treasury-hits-4-8-million-eth-as-stock-listing-moves-to-nyse,,BMNR news : Bitmine ETH treasury hits 4 . 8 million tokens BMNR stock uplists to NYSE,20260406T151500Z,https://cdn.sanity.io/images/s3y3vcno/production/1e317956eae4ebfe2722405225dce7dc0b806dbe-1920x1080.jpg?auto=format&crop=focalpoint&fit=clip&q=75&fm=jpg,coindesk.com,English,United States,ETH,ether,2026-04-06 15:15:00+00:00,BMNR news : Bitmine ETH treasury hits 4 . 8 million tokens BMNR stock uplists to NYSE,positive,0.8460832834243774,1
https://www.etftrends.com/crypto-content-hub/cryptocurrencies-bitcoin-reaches-3-week-high/,https://www.etftrends.com/crypto-content-hub/cryptocurrencies-bitcoin-reaches-3-week-high/amp/,Cryptocurrencies : Bitcoin Reaches 3 - Week High,20260408T193000Z,https://www.etftrends.com/wp-content/uploads/2026/04/shutterstock_2738020033.jpg,etftrends.com,English,China,ETH,ether,2026-04-08 19:30:00+00:00,Cryptocurrencies : Bitcoin Reaches 3 - Week High,positive,0.9036195874214172,1
https://finance.yahoo.com/markets/crypto/articles/ethereums-wall-street-cheerleaders-see-115954415.html,,"Ethereum Wall Street cheerleaders see rise to $250 , 000 , call Bitcoin and gold  dead capital  ",20260422T204500Z,https://s.yimg.com/ny/api/res/1.2/J4iy6aaGADIQLnMgqIDqwA--/YXBwaWQ9aGlnaGxhbmRlcjt3PTEyMDA7aD03ODU-/https://media.zenfs.com/en/dlnews_702/ce344552d028d32b8ae97e84db88cd18,finance.yahoo.com,English,United States,ETH,ether,2026-04-22 20:45:00+00:00,"Ethereum Wall Street cheerleaders see rise to $250 , 000 , call Bitcoin and gold  dead capital  ",neutral,0.7153962850570679,0
https://www.coindesk.com/business/2026/04/24/bitmine-to-buy-10-000-ether-for-usd23-8-million-from-the-ethereum-foundation,,"Ethereum news : Bitmine ( BMNR ) to buy 10 , 000 ETH for $23 . 8M from Ethereum Foundation",20260424T183000Z,https://cdn.sanity.io/images/s3y3vcno/production/67329aa9da55971a233a2da7702075c646669b15-2728x1535.jpg?auto=format&crop=focalpoint&fit=clip&q=75&fm=jpg,coindesk.com,English,United States,ETH,ether,2026-04-24 18:30:00+00:00,"Ethereum news : Bitmine ( BMNR ) to buy 10 , 000 ETH for $23 . 8M from Ethereum Foundation",neutral,0.8064936399459839,0
https://cointelegraph.com/markets/ether-triple-top-pattern-rejects-24k-as-eth-analyst-questions-uptrend,,ETH Triple Top Rejects $2 . 4K As Analysts Flag Weakness Against BTC,20260428T024500Z,https://payload.cointelegraph.com/api/article-covers/file/HI%20Here%E2%80%99s%20What%20It%20Would%20Take%20for%20Ethereum%20to%20Reach%20%24100%2C000.jpg?prefix=media%2Farticle-covers,cointelegraph.com,English,China,ETH,ether,2026-04-28 02:45:00+00:00,ETH Triple Top Rejects $2 . 4K As Analysts Flag Weakness Against BTC,negative,0.4950242042541504,-1
https://www.etftrends.com/crypto-content-hub/cryptocurrencies-bitcoin-reaches-11-week-high/,https://www.etftrends.com/crypto-content-hub/cryptocurrencies-bitcoin-reaches-11-week-high/amp/,Cryptocurrencies : Bitcoin Reaches 11 - Week High,20260422T190000Z,https://www.etftrends.com/wp-content/uploads/2026/04/shutterstock_1998562181.jpg,etftrends.com,English,China,ETH,ether,2026-04-22 19:00:00+00:00,Cryptocurrencies : Bitcoin Reaches 11 - Week High,positive,0.9059155583381653,1
https://www.coindesk.com/business/2026/04/27/bitmine-buys-usd236-million-in-ether-as-tom-lee-touts-eth-as-wartime-store-of-value,,Ethereum news : Tom Lee touts ETH as  wartime store of value  as Bitmine ( BMNR ) buys more,20260427T161500Z,https://cdn.sanity.io/images/s3y3vcno/production/1e317956eae4ebfe2722405225dce7dc0b806dbe-1920x1080.jpg?auto=format&crop=focalpoint&fit=clip&q=75&fm=jpg,coindesk.com,English,United States,ETH,ether,2026-04-27 16:15:00+00:00,Ethereum news : Tom Lee touts ETH as  wartime store of value  as Bitmine ( BMNR ) buys more,neutral,0.7091123461723328,0
https://www.coindesk.com/markets/2026/04/13/bitmine-s-tom-lee-calls-ether-the-wartime-store-of-value-as-holdings-hit-4-87-million-eth,,Bitmine Tom Lee calls ether  the wartime store of value  as holdings hit 4 . 87 million ETH,20260413T141500Z,https://cdn.sanity.io/images/s3y3vcno/production/86f52fd7839d4e6369eec2343dcd2ef548ed1b2f-1920x1080.png?auto=format&crop=focalpoint&fit=clip&q=75&fm=jpg,coindesk.com,English,United States,ETH,ether,2026-04-13 14:15:00+00:00,Bitmine Tom Lee calls ether  the wartime store of value  as holdings hit 4 . 87 million ETH,neutral,0.8038033843040466,0
https://finance.yahoo.com/markets/crypto/articles/etha-grows-larger-hodl-higher-164008795.html,,ETHA Grows Larger Than HODL With Higher Recent Returns,20260426T173000Z,https://s.yimg.com/os/en/motleyfool.com/309531f2ea02e2a3f1aabd9839eaa666,finance.yahoo.com,English,United States,ETH,ether,2026-04-26 17:30:00+00:00,ETHA Grows Larger Than HODL With Higher Recent Returns,positive,0.8948098421096802,1
https://www.etftrends.com/crypto-content-hub/cryptocurrencies-bitcoin-nears-75-000/,https://www.etftrends.com/crypto-content-hub/cryptocurrencies-bitcoin-nears-75-000/amp/,"Cryptocurrencies : Bitcoin Nears $75 , 000",20260415T161500Z,https://www.etftrends.com/wp-content/uploads/2026/04/shutterstock_2054963717-e1776264907978.jpg,etftrends.com,English,China,ETH,ether,2026-04-15 16:15:00+00:00,"Cryptocurrencies : Bitcoin Nears $75 , 000",neutral,0.658746600151062,0
https://cointelegraph.com/markets/ether-taker-volume-rises-by-72-as-price-targets-liquidity-gap-at-26k,,ETH Buy Pressure Hits $5 . 5B as Price Nears Key Breakout,20260423T191500Z,https://payload.cointelegraph.com/api/article-covers/file/HI%20Ethereum%202.0%20set%20to%20be%20released%20on%20Dec.%201.jpg?prefix=media%2Farticle-covers,cointelegraph.com,English,China,ETH,ether,2026-04-23 19:15:00+00:00,ETH Buy Pressure Hits $5 . 5B as Price Nears Key Breakout,positive,0.7338232398033142,1
https://www.coindesk.com/business/2026/04/28/bitmine-s-ether-buys-are-catching-up-to-strategy-s-bitcoin-accumulation-pace,,Bitmine ( BMNR ) ETH buys are catching Strategy bitcoin ( BTC ) accumulation pace,20260428T114500Z,https://cdn.sanity.io/images/s3y3vcno/production/32b299d9191109993e7b34640e78f8763d78803f-2048x1366.jpg?auto=format&crop=focalpoint&fit=clip&q=75&fm=jpg,coindesk.com,English,United States,ETH,ether,2026-04-28 11:45:00+00:00,Bitmine ( BMNR ) ETH buys are catching Strategy bitcoin ( BTC ) accumulation pace,positive,0.5186687707901001,1
https://www.coindesk.com/markets/2026/04/09/td-cowen-says-these-3-crypto-stocks-could-actually-beat-bitcoin-etfs,,"Nakamoto ( NAKA ), Sharplink Gaming ( SBET ), and Stive ( ASST ) viewed positively at Cowen",20260409T234500Z,https://cdn.sanity.io/images/s3y3vcno/production/dfa2063dc4f9e727f19bc5e645672019bdc025de-4296x2864.jpg?auto=format&crop=focalpoint&fit=clip&q=75&fm=jpg,coindesk.com,English,United States,ETH,ether,2026-04-09 23:45:00+00:00,"Nakamoto ( NAKA ), Sharplink Gaming ( SBET ), and Stive ( ASST ) viewed positively at Cowen",positive,0.9081412553787231,1
https://cointelegraph.com/news/bitcoin-75k-iran-deal-hopes-spark-rally,,Crypto Surges Iran Deal Hope Hits Market,20260414T041500Z,"https://images.cointelegraph.com/cdn-cgi/image/f=auto,onerror=redirect,w=1200/https://s3.cointelegraph.com/uploads/2026-04/019d89a8-a8be-7c87-94ae-879a46c4bf28.jpg",cointelegraph.com,English,China,ETH,ether,2026-04-14 04:15:00+00:00,Crypto Surges Iran Deal Hope Hits Market,negative,0.4674564003944397,-1
http://www.econotimes.com/FxWirePro-key-Crypto-Updates-1739198,,FxWirePro - key Crypto Updates - EconoTimes,20260416T144500Z,https://www.econotimes.com/assets/images/econotimes/metaDefault2.png,econotimes.com,English,United States,ETH,ether,2026-04-16 14:45:00+00:00,FxWirePro - key Crypto Updates - EconoTimes,neutral,0.9428392052650452,0
https://cointelegraph.com/news/bitcoin-etf-inflows-471-million-highest-since-february,,US Spot Bitcoin ETFs Hit Strongest Gains Since February,20260407T110000Z,"https://images.cointelegraph.com/cdn-cgi/image/f=auto,onerror=redirect,w=1200/https://s3.cointelegraph.com/uploads/2026-01/019b92cc-d609-7af6-b3a8-9b3f85736edf.jpg",cointelegraph.com,English,China,ETH,ether,2026-04-07 11:00:00+00:00,US Spot Bitcoin ETFs Hit Strongest Gains Since February,positive,0.9392732381820679,1
https://cointelegraph.com/news/crypto-biz-same-players-bigger-bets-crypto-rebound,,"Crypto Biz : Same Players , Bigger Bets as Crypto Rebounds",20260424T180000Z,https://payload.cointelegraph.com/api/article-covers/file/HI%20Bitcoin%20for%20Business%20The%20Tax%20Guide1.jpg?prefix=media%2Farticle-covers,cointelegraph.com,English,China,ETH,ether,2026-04-24 18:00:00+00:00,"Crypto Biz : Same Players , Bigger Bets as Crypto Rebounds",neutral,0.8994574546813965,0
https://www.coindesk.com/markets/2026/04/22/bitcoin-tests-usd78-000-resistance-as-short-squeeze-risks-mount-altcoins-rally,,"BTC price stalls at $78 , 000 as traders brace for liquidation - driven breakout : Crypto Markets Today",20260422T131500Z,https://cdn.sanity.io/images/s3y3vcno/production/e57a14aeeab375a4517719de41a6e05d1b99ac2f-1880x984.png?auto=format&crop=focalpoint&fit=clip&q=75&fm=jpg,coindesk.com,English,United States,ETH,ether,2026-04-22 13:15:00+00:00,"BTC price stalls at $78 , 000 as traders brace for liquidation - driven breakout : Crypto Markets Today",negative,0.9531964063644409,-1
https://cointelegraph.com/markets/ether-taker-volume-rises-by-72percent-as-traders-target-eth-liquidity-gap-at-dollar2-6k,,ETH Buy Pressure Hits $5 . 5B As Price Nears Key Breakout,20260423T191500Z,https://payload.cointelegraph.com/api/article-covers/file/article-covers-263727-ether-taker-volume-rises-by-72percent-as-traders-target-eth-liquidity-gap-at-dol.jpg?prefix=media%2Farticle-covers,cointelegraph.com,English,China,ETH,ether,2026-04-23 19:15:00+00:00,ETH Buy Pressure Hits $5 . 5B As Price Nears Key Breakout,positive,0.7338232398033142,1
https://cointelegraph.com/markets/ethereum-decline-10percent-versus-bitcoin-despite-record-eth-staking,,Ethereum Risks 10 % Dip Versus Bitcoin Despite ETH Staking Milestone,20260423T191500Z,https://payload.cointelegraph.com/api/article-covers/file/article-covers-263592-ethereum-decline-10percent-versus-bitcoin-despite-record-eth-staking.jpg?prefix=media%2Farticle-covers,cointelegraph.com,English,China,ETH,ether,2026-04-23 19:15:00+00:00,Ethereum Risks 10 % Dip Versus Bitcoin Despite ETH Staking Milestone,positive,0.6180248856544495,1
https://www.cnbc.com/2026/04/10/these-crypto-treasury-firms-are-buying-opportunities-says-td-cowen.html,,"These crypto treasury firms are buying opportunities , says TD Cowen",20260410T174500Z,https://image.cnbcfm.com/api/v1/image/108268517-1771860022960-gettyimages-2260490322-AFP_96YR6Q2.jpeg?v=1775828990,cnbc.com,English,United States,ETH,ether,2026-04-10 17:45:00+00:00,"These crypto treasury firms are buying opportunities , says TD Cowen",neutral,0.687833845615387,0
https://cointelegraph.com/news/aave-s-risk-manager-shares-2-scenarios-to-allocate-losses-from-kelp-dao-hack,,Aave Potential Paths Forward After Kelp DAO Hack,20260421T054500Z,"https://images.cointelegraph.com/cdn-cgi/image/f=auto,onerror=redirect,w=1200/https://s3.cointelegraph.com/uploads/2026-04/019dad3c-bbce-7577-9905-68423bfaa177.jpg",cointelegraph.com,English,China,ETH,ether,2026-04-21 05:45:00+00:00,Aave Potential Paths Forward After Kelp DAO Hack,neutral,0.6779152750968933,0
https://www.coindesk.com/markets/2026/04/14/bitcoin-climbs-to-highest-level-since-feb-5-crash-that-sent-price-plunging-to-usd60-000,,Bitcoin price news : BTC completes rebound from Feb . 5 crash,20260414T184500Z,https://cdn.sanity.io/images/s3y3vcno/production/fce15d9b832d4f087056ff45ef32cee4441b4240-7360x4912.jpg?auto=format&crop=focalpoint&fit=clip&q=75&fm=jpg,coindesk.com,English,United States,ETH,ether,2026-04-14 18:45:00+00:00,Bitcoin price news : BTC completes rebound from Feb . 5 crash,positive,0.9216999411582947,1
https://cointelegraph.com/news/interactive-brokers-expands-crypto-trading-to-retail-investors-in-europe,,Interactive Brokers Brings Crypto Trading to European Retail Clients,20260401T001500Z,"https://images.cointelegraph.com/cdn-cgi/image/f=auto,onerror=redirect,w=1200/https://s3.cointelegraph.com/uploads/2026-01/019bbd7b-ba0f-7c18-9c0c-542da63caab7.jpg",cointelegraph.com,English,China,ETH,ether,2026-04-01 00:15:00+00:00,Interactive Brokers Brings Crypto Trading to European Retail Clients,neutral,0.836677074432373,0
https://indianexpress.com/shorts/technology/iran-war-disrupts-the-circuit-board-supply-chain-raises-costs-for-tech-firms-10658300/,,"Iran war disrupts the circuit board supply chain , raises costs for tech firms",20260427T124500Z,https://images.indianexpress.com/2026/04/Tech-featured-image207.jpg,indianexpress.com,English,India,ETH,ether,2026-04-27 12:45:00+00:00,"Iran war disrupts the circuit board supply chain , raises costs for tech firms",negative,0.9518736004829407,-1
https://www.coindesk.com/business/2026/04/26/aave-raises-nearly-80-of-the-usd200-million-it-needs-to-cover-bad-debt-left-by-kelp-dao-exploit,,Arkham says Aave raised $160 million of the $200 million it needs to cover exploit damage,20260426T171500Z,https://cdn.sanity.io/images/s3y3vcno/production/bf2fb64bb4bc73cd9c7a9df82a875d8bcc7a78a8-1440x1080.jpg?auto=format&crop=focalpoint&fit=clip&q=75&fm=jpg,coindesk.com,English,United States,ETH,ether,2026-04-26 17:15:00+00:00,Arkham says Aave raised $160 million of the $200 million it needs to cover exploit damage,positive,0.5035430788993835,1
https://www.coindesk.com/markets/2026/04/13/crypto-markets-stall-as-oil-surges-past-usd100-on-strait-of-hormuz-blockade,,Memecoins outperform as bitcoin traders turn defensive,20260413T141500Z,https://cdn.sanity.io/images/s3y3vcno/production/c791d9829bfbc209b56fd39ee9c239e1e5097e87-2080x1126.png?auto=format&crop=focalpoint&fit=clip&q=75&fm=jpg,coindesk.com,English,United States,ETH,ether,2026-04-13 14:15:00+00:00,Memecoins outperform as bitcoin traders turn defensive,negative,0.8551685214042664,-1
https://cointelegraph.com/markets/four-reasons-why-the-crypto-market-is-rallying-today-will-bulls-maintain-control,,"Bitcoin , Ether Rally Higher As US Monetary Plan Excites Bulls",20260423T191500Z,https://payload.cointelegraph.com/api/article-covers/file/HI%20Newscrypto2-1.jpg?prefix=media%2Farticle-covers,cointelegraph.com,English,China,ETH,ether,2026-04-23 19:15:00+00:00,"Bitcoin , Ether Rally Higher As US Monetary Plan Excites Bulls",positive,0.8768820762634277,1
https://cointelegraph.com/news/arbitrum-freezes-71m-ether-connected-kelp-exploit,,Arbitrum Freezes 30K ETH Tied to Kelp Hack,20260421T103000Z,"https://images.cointelegraph.com/cdn-cgi/image/f=auto,onerror=redirect,w=1200/https://s3.cointelegraph.com/uploads/2026-04/019dae5d-e1d6-7acb-a929-707e4375df3b.jpg",cointelegraph.com,English,China,ETH,ether,2026-04-21 10:30:00+00:00,Arbitrum Freezes 30K ETH Tied to Kelp Hack,negative,0.8573527932167053,-1
https://economictimes.indiatimes.com/news/international/us/crypto-market-crash-alert-why-bitcoin-price-btc-usd-today-falls-to-68000-level-ether-eth-drops-along-with-altcoins-as-trump-iran-deadline-looms-key-reasons-explained/articleshow/130088159.cms,https://m.economictimes.com/news/international/us/crypto-market-crash-alert-why-bitcoin-price-btc-usd-today-falls-to-68000-level-ether-eth-drops-along-with-altcoins-as-trump-iran-deadline-looms-key-reasons-explained/amp_articleshow/130088159.cms,"Why Bitcoin BTC USD price Ether ETH down today : Crypto market crash alert : Why Bitcoin price ( BTC USD ) today falls to $68 , 000 level , Ether ( ETH ) drops along with altcoins as Trump Iran deadline looms - key reasons explained",20260407T141500Z,"https://img.etimg.com/thumb/msid-130088666,width-1200,height-630,imgsize-940784,overlay-economictimes/articleshow.jpg",economictimes.indiatimes.com,English,India,ETH,ether,2026-04-07 14:15:00+00:00,"Why Bitcoin BTC USD price Ether ETH down today : Crypto market crash alert : Why Bitcoin price ( BTC USD ) today falls to $68 , 000 level , Ether ( ETH ) drops along with altcoins as Trump Iran deadline looms - key reasons explained",negative,0.9082340598106384,-1
https://www.dailypolitical.com/2026/04/18/ether-fi-ethfi-trading-up-11-3-over-last-7-days.html,,ether . fi ( ETHFI ) Trading Up 11 . 3 % Over Last 7 Days,20260418T153000Z,,dailypolitical.com,English,United States,ETH,ether,2026-04-18 15:30:00+00:00,ether . fi ( ETHFI ) Trading Up 11 . 3 % Over Last 7 Days,positive,0.9522750377655029,1
https://cointelegraph.com/news/crypto-etp-week-224-million-inflow-xrp-leads-gains,,Crypto ETPs Rebound With $224M Inflows Led by XRP : CoinShares,20260407T154500Z,"https://images.cointelegraph.com/cdn-cgi/image/f=auto,onerror=redirect,w=1200/https://s3.cointelegraph.com/uploads/2026-03/019cae57-80f1-7bec-b432-53c56cb196ff.jpg",cointelegraph.com,English,China,ETH,ether,2026-04-07 15:45:00+00:00,Crypto ETPs Rebound With $224M Inflows Led by XRP : CoinShares,positive,0.9118936061859131,1
https://www.coindesk.com/markets/2026/04/10/bitcoin-flatlines-as-inflation-data-looms-bittensor-drama-unfolds,,Volatility compression grips crypto markets ahead of U . S . inflation report : Crypto Markets Today,20260410T143000Z,https://cdn.sanity.io/images/s3y3vcno/production/6a4cddb4bc43320a03dab22ed611582c9443d589-2094x1100.png?auto=format&crop=focalpoint&fit=clip&q=75&fm=jpg,coindesk.com,English,United States,ETH,ether,2026-04-10 14:30:00+00:00,Volatility compression grips crypto markets ahead of U . S . inflation report : Crypto Markets Today,negative,0.9032041430473328,-1
https://www.thehindu.com/sci-tech/technology/iran-war-disrupts-thecircuit-board-supply-chain-raises-costs-for-tech-firms/article70911358.ece,https://www.thehindu.com/sci-tech/technology/iran-war-disrupts-thecircuit-board-supply-chain-raises-costs-for-tech-firms/article70911358.ece/amp/,"Iran war disrupts the circuit board supply chain , raises costs for tech firms",20260427T093000Z,https://th-i.thgim.com/public/incoming/clrab6/article70911361.ece/alternates/LANDSCAPE_1200/2026-04-27T043032Z_552058490_RC2K5KAPDHI7_RTRMADP_3_IRAN-CRISIS-TECH-PCB.JPG,thehindu.com,English,India,ETH,ether,2026-04-27 09:30:00+00:00,"Iran war disrupts the circuit board supply chain , raises costs for tech firms",negative,0.9518736004829407,-1
https://cointelegraph.com/news/apple-removes-fake-ledger-app-stole-9-million-from-users,,Apple Removes Fake Ledger App That Stole $9 . 5M From Users,20260415T083000Z,"https://images.cointelegraph.com/cdn-cgi/image/f=auto,onerror=redirect,w=1200/https://s3.cointelegraph.com/uploads/2026-04/019d8e7d-3b11-70c8-a150-0edab941553b.jpg",cointelegraph.com,English,China,ETH,ether,2026-04-15 08:30:00+00:00,Apple Removes Fake Ledger App That Stole $9 . 5M From Users,negative,0.7566137313842773,-1
http://www.econotimes.com/Ethereum-Tests-the-Floor-Bulls-Eye-a-Recovery-as-Key-Averages-Hold-1740219,,Ethereum Tests the Floor : Bulls Eye a Recovery as Key Averages Hold,20260428T120000Z,https://f1.econotimes.com/2026/04/3uttredeew.png,econotimes.com,English,United States,ETH,ethusd,2026-04-28 12:00:00+00:00,Ethereum Tests the Floor : Bulls Eye a Recovery as Key Averages Hold,neutral,0.5359427332878113,0
http://www.econotimes.com/Institutional-Whale-Surge-ETHUSD-Trends-Higher-as-Bitmine-Amasses-497-Million-Ether-1739564,,Institutional Whale Surge : ETHUSD Trends Higher as Bitmine Amasses 4 . 97 Million Ether,20260421T104500Z,https://f1.econotimes.com/2026/04/5k055bn2zd.png,econotimes.com,English,United States,ETH,ethusd,2026-04-21 10:45:00+00:00,Institutional Whale Surge : ETHUSD Trends Higher as Bitmine Amasses 4 . 97 Million Ether,positive,0.9526090025901794,1
http://www.econotimes.com/ETHUSD-Eyes-2770-Breakout-as-Dip-Buy-Zone-Forms-Around-2300-Amid-Tensions-1739810,,ETHUSD Eyes 2770+ Breakout as Dip - Buy Zone Forms Around 2300 Amid Tensions,20260423T094500Z,https://f1.econotimes.com/2026/04/z2egzmk6vu.png,econotimes.com,English,United States,ETH,ethusd,2026-04-23 09:45:00+00:00,ETHUSD Eyes 2770+ Breakout as Dip - Buy Zone Forms Around 2300 Amid Tensions,positive,0.43014755845069885,1
https://www.benzinga.com/partner/fintech/26/04/52023540/gold-vs-crypto-in-2026-are-traders-hedging-fear-or-hunting-performance,,Gold Vs Crypto In 2026 : Are Traders Hedging Fear Or Hunting Performance ? ,20260424T103000Z,https://cdn.benzinga.com/files/images/story/2026/04/24/benzinga-900x500.jpeg?&fit=crop,benzinga.com,English,United States,ETH,ethusd,2026-04-24 10:30:00+00:00,Gold Vs Crypto In 2026 : Are Traders Hedging Fear Or Hunting Performance ? ,neutral,0.6304250955581665,0
http://www.econotimes.com/ETHUSD-Dips-to-2285-Then-Rebounds-on-150200M-ETF-Inflows-and-Altcoin-Upside-1739935,,ETHUSD Dips to 2285 Then Rebounds on $150 – $200M ETF Inflows and Altcoin Upside,20260424T103000Z,https://f1.econotimes.com/2026/04/bffeoz2pz2.png,econotimes.com,English,United States,ETH,ethusd,2026-04-24 10:30:00+00:00,ETHUSD Dips to 2285 Then Rebounds on $150 – $200M ETF Inflows and Altcoin Upside,negative,0.943026065826416,-1
https://www.newsbtc.com/analysis/eth/ethereum-price-extends-losses-2000/,https://www.newsbtc.com/analysis/eth/ethereum-price-extends-losses-2000/amp/,"Ethereum Price Extends Losses , $2 , 000 Support Faces Breakdown Risk",20260403T044500Z,https://www.newsbtc.com/wp-content/uploads/2026/04/Ethereum-Price-Extends-Losses-2000-Support-Faces-Breakdown-Risk.jpg?fit=1024%2C559,newsbtc.com,English,United States,ETH,ethusd,2026-04-03 04:45:00+00:00,"Ethereum Price Extends Losses , $2 , 000 Support Faces Breakdown Risk",negative,0.9549124836921692,-1
https://www.newsbtc.com/analysis/eth/ethereum-price-cools-off-2080/,https://www.newsbtc.com/analysis/eth/ethereum-price-cools-off-2080/amp/,"Ethereum Price Cools Off , But Structure Stays Firmly Supported",20260407T033000Z,https://www.newsbtc.com/wp-content/uploads/2026/04/Ethereum-Price-Cools-Off-But-Structure-Stays-Firmly-Supported.jpg?fit=1024%2C559,newsbtc.com,English,United States,ETH,ethusd,2026-04-07 03:30:00+00:00,"Ethereum Price Cools Off , But Structure Stays Firmly Supported",positive,0.8080615997314453,1
https://www.newsbtc.com/analysis/eth/ethereum-price-rejected-at-2400/,https://www.newsbtc.com/analysis/eth/ethereum-price-rejected-at-2400/amp/,"Ethereum Price Rejected at $2 , 400 , Is Another Breakout Attempt Coming ? ",20260415T034500Z,https://www.newsbtc.com/wp-content/uploads/2026/04/Ethereum-Price-Rejected-at-2400.jpg?fit=1024%2C559,newsbtc.com,English,United States,ETH,ethusd,2026-04-15 03:45:00+00:00,"Ethereum Price Rejected at $2 , 400 , Is Another Breakout Attempt Coming ? ",neutral,0.872406005859375,0
https://www.newsbtc.com/analysis/eth/ethereum-price-rockets-2400/,https://www.newsbtc.com/analysis/eth/ethereum-price-rockets-2400/amp/,"Ethereum Price Rockets 8 %, Can Bulls Smash Through $2 , 400 ? ",20260414T041500Z,https://www.newsbtc.com/wp-content/uploads/2026/04/Ethereum-Price-Rockets-8.jpg?fit=1024%2C559,newsbtc.com,English,United States,ETH,ethusd,2026-04-14 04:15:00+00:00,"Ethereum Price Rockets 8 %, Can Bulls Smash Through $2 , 400 ? ",neutral,0.9045144319534302,0
https://www.newsbtc.com/analysis/eth/ethereum-price-gears-up-2300/,https://www.newsbtc.com/analysis/eth/ethereum-price-gears-up-2300/amp/,"Ethereum Price Gears Up , Another Increase Could Be Imminent",20260416T080000Z,https://www.newsbtc.com/wp-content/uploads/2026/01/Ethereum-Price-Attempts-Bounce.jpg?fit=1024%2C572,newsbtc.com,English,United States,ETH,ethusd,2026-04-16 08:00:00+00:00,"Ethereum Price Gears Up , Another Increase Could Be Imminent",positive,0.5728987455368042,1
https://www.newsbtc.com/analysis/eth/ethereum-price-capped-at-2400/,https://www.newsbtc.com/analysis/eth/ethereum-price-capped-at-2400/amp/,"Ethereum Price Capped at $2 , 400 , Momentum Fails to Push Higher",20260417T063000Z,https://www.newsbtc.com/wp-content/uploads/2025/12/Ethereum-Price-Seeks-Additional-Gains.jpg?fit=1024%2C572,newsbtc.com,English,United States,ETH,ethusd,2026-04-17 06:30:00+00:00,"Ethereum Price Capped at $2 , 400 , Momentum Fails to Push Higher",negative,0.4918881952762604,-1
https://www.manilatimes.net/2026/04/29/tmt-newswire/pr-newswire/roboforex-expands-cfd-offering-with-cryptocurrency-instruments/2331651,https://www.manilatimes.net/2026/04/29/tmt-newswire/pr-newswire/roboforex-expands-cfd-offering-with-cryptocurrency-instruments/2331651/amp,RoboForex Expands CFD Offering with Cryptocurrency Instruments,20260429T141500Z,https://www.manilatimes.net/manilatimes/uploads/images/2026/04/29/1035069.jpg,manilatimes.net,English,Philippines,ETH,ethusd,2026-04-29 14:15:00+00:00,RoboForex Expands CFD Offering with Cryptocurrency Instruments,positive,0.6458735466003418,1
https://www.newsbtc.com/analysis/eth/ethereum-price-loses-2350/,https://www.newsbtc.com/analysis/eth/ethereum-price-loses-2350/amp/,"Ethereum Price Loses $2 , 350 Level , Traders Eye Rebound Signals",20260420T050000Z,https://www.newsbtc.com/wp-content/uploads/2026/04/Ethereum-Price-Loses-2350-Level.jpg?fit=1024%2C559,newsbtc.com,English,United States,ETH,ethusd,2026-04-20 05:00:00+00:00,"Ethereum Price Loses $2 , 350 Level , Traders Eye Rebound Signals",negative,0.9039959907531738,-1
https://www.newsbtc.com/analysis/eth/ethereum-price-struggles-2365/,https://www.newsbtc.com/analysis/eth/ethereum-price-struggles-2365/amp/,"Ethereum Price Struggles To Gain Pace , Recovery Remains Fragile",20260422T050000Z,https://www.newsbtc.com/wp-content/uploads/2026/04/Ethereum-Price-Struggles-To-Gain-Pace-Recovery-Remains-Fragile.jpg?fit=1024%2C559,newsbtc.com,English,United States,ETH,ethusd,2026-04-22 05:00:00+00:00,"Ethereum Price Struggles To Gain Pace , Recovery Remains Fragile",positive,0.5522861480712891,1
https://www.newsbtc.com/analysis/eth/ethereum-price-upside-stalls-2425/,https://www.newsbtc.com/analysis/eth/ethereum-price-upside-stalls-2425/amp/,"Ethereum Price Upside Stalls , Another Decline Could Be Brewing",20260424T040000Z,https://www.newsbtc.com/wp-content/uploads/2026/01/Ethereum-Price-Latest-Push-Raises-Question.jpg?fit=1024%2C572,newsbtc.com,English,United States,ETH,ethusd,2026-04-24 04:00:00+00:00,"Ethereum Price Upside Stalls , Another Decline Could Be Brewing",negative,0.96126788854599,-1
https://www.newsbtc.com/analysis/eth/ethereum-price-drops-below-2350/,https://www.newsbtc.com/analysis/eth/ethereum-price-drops-below-2350/amp/,"Ethereum Price Drops Below $2 , 350 , Recovery Hopes Start To Fade",20260428T034500Z,https://www.newsbtc.com/wp-content/uploads/2026/04/Ethereum-Price-Drops-Below-2350-Recovery-Hopes-Start-To-Fade.jpg?fit=1024%2C559,newsbtc.com,English,United States,ETH,ethusd,2026-04-28 03:45:00+00:00,"Ethereum Price Drops Below $2 , 350 , Recovery Hopes Start To Fade",negative,0.6513620018959045,-1
https://www.newsbtc.com/analysis/eth/ethereum-price-rejected-2400/,https://www.newsbtc.com/analysis/eth/ethereum-price-rejected-2400/amp/,"Ethereum Price Rejected Above $2 , 400 , Upside Momentum Starts To Fade",20260423T043000Z,https://www.newsbtc.com/wp-content/uploads/2026/04/Ethereum-Price-Recovery-Picks-Up.jpg?fit=1024%2C559,newsbtc.com,English,United States,ETH,ethusd,2026-04-23 04:30:00+00:00,"Ethereum Price Rejected Above $2 , 400 , Upside Momentum Starts To Fade",positive,0.7543462514877319,1
https://www.coinspeaker.com/ethereum-etf-10-day-inflow-streak-eth-price/,https://www.coinspeaker.com/ethereum-etf-10-day-inflow-streak-eth-price/amp/,Ethereum ETFs Hit 10 - Day Inflow Streak : Demand Floors ETH Price,20260424T130000Z,https://www.coinspeaker.com/wp-content/uploads/2026/04/ethereum-etfs-hit-10-day-inflow-streak-institutional.webp,coinspeaker.com,English,United States,ETH,ethusd,2026-04-24 13:00:00+00:00,Ethereum ETFs Hit 10 - Day Inflow Streak : Demand Floors ETH Price,positive,0.9044247269630432,1
https://gisuser.com/2026/04/how-blackrocks-vision-could-reshape-the-next-crypto-bull-run/,https://gisuser.com/2026/04/how-blackrocks-vision-could-reshape-the-next-crypto-bull-run/amp/,How BlackRock Vision Could Reshape the Next Crypto Bull Run - GIS user technology news,20260415T191500Z,,gisuser.com,English,United States,ETH,ethusd,2026-04-15 19:15:00+00:00,How BlackRock Vision Could Reshape the Next Crypto Bull Run - GIS user technology news,neutral,0.8837110996246338,0
https://gisuser.com/2026/04/vitalik-buterin-warns-against-security-risks-related-to-ai-agents/,https://gisuser.com/2026/04/vitalik-buterin-warns-against-security-risks-related-to-ai-agents/amp/,Vitalik Buterin Warns Against Security Risks Related to AI Agents,20260424T204500Z,,gisuser.com,English,United States,ETH,ethusd,2026-04-24 20:45:00+00:00,Vitalik Buterin Warns Against Security Risks Related to AI Agents,neutral,0.8499128818511963,0
